"","gene","abundance","mice","day","background","pool"
"1","PBANKA_101810",0.410577293961342,"m1",8,"NP_BL6","poolC2"
"2","PBANKA_082040",0.429434706210089,"m1",8,"NP_BL6","poolC2"
"3","PBANKA_142220",0.297432820468864,"m1",8,"NP_BL6","poolC2"
"4","PBANKA_101700",0.328290404148631,"m1",8,"NP_BL6","poolC2"
"5","PBANKA_131140",1.21801740024857,"m1",8,"NP_BL6","poolC2"
"6","PBANKA_031580",0.216860240860584,"m1",8,"NP_BL6","poolC2"
"7","PBANKA_051490",3.24090344147774,"m1",8,"NP_BL6","poolC2"
"8","PBANKA_123360",1.45202074315347,"m1",8,"NP_BL6","poolC2"
"9","PBANKA_082710",0.057429391848455,"m1",8,"NP_BL6","poolC2"
"10","PBANKA_135260",1.82488321261732,"m1",8,"NP_BL6","poolC2"
"11","PBANKA_121260",0.544293489906999,"m1",8,"NP_BL6","poolC2"
"12","PBANKA_113980",1.58745124930356,"m1",8,"NP_BL6","poolC2"
"13","PBANKA_112810",0.057429391848455,"m1",8,"NP_BL6","poolC2"
"14","PBANKA_103520",0.0111430163288047,"m1",8,"NP_BL6","poolC2"
"15","PBANKA_051300",0.748296404234346,"m1",8,"NP_BL6","poolC2"
"16","PBANKA_031480",2.32203317190246,"m1",8,"NP_BL6","poolC2"
"17","PBANKA_080690",0.0942870612437321,"m1",8,"NP_BL6","poolC2"
"18","PBANKA_082320",2.04602922898899,"m1",8,"NP_BL6","poolC2"
"19","PBANKA_100640",2.54832211888741,"m1",8,"NP_BL6","poolC2"
"20","PBANKA_103780",0.00342862040886298,"m1",8,"NP_BL6","poolC2"
"21","PBANKA_145770",1.13658766553808,"m1",8,"NP_BL6","poolC2"
"22","PBANKA_140160",0.0120001714310204,"m1",8,"NP_BL6","poolC2"
"23","PBANKA_133580",1.67402391462735,"m1",8,"NP_BL6","poolC2"
"24","PBANKA_093290",1.98602837183388,"m1",8,"NP_BL6","poolC2"
"25","PBANKA_132910",0.675438220546008,"m1",8,"NP_BL6","poolC2"
"26","PBANKA_146060",3.44662066600951,"m1",8,"NP_BL6","poolC2"
"27","PBANKA_031590",3.58805125787511,"m1",8,"NP_BL6","poolC2"
"28","PBANKA_051760",0.211717310247289,"m1",8,"NP_BL6","poolC2"
"29","PBANKA_070700",1.32773325333219,"m1",8,"NP_BL6","poolC2"
"30","PBANKA_030240",0.212574465349505,"m1",8,"NP_BL6","poolC2"
"31","PBANKA_133090",1.01401448592123,"m1",8,"NP_BL6","poolC2"
"32","PBANKA_111060",0.0137144816354519,"m1",8,"NP_BL6","poolC2"
"33","PBANKA_143630",0.762868040972014,"m1",8,"NP_BL6","poolC2"
"34","PBANKA_052230",0.934299061415163,"m1",8,"NP_BL6","poolC2"
"35","PBANKA_143060",0.254575065358077,"m1",8,"NP_BL6","poolC2"
"36","PBANKA_131530",2.12231603308619,"m1",8,"NP_BL6","poolC2"
"37","PBANKA_134630",1.05430077572537,"m1",8,"NP_BL6","poolC2"
"38","PBANKA_103240",1.20001714310204,"m1",8,"NP_BL6","poolC2"
"39","PBANKA_062030",0.238289118415977,"m1",8,"NP_BL6","poolC2"
"40","PBANKA_093080",0.0557150816440235,"m1",8,"NP_BL6","poolC2"
"41","PBANKA_143440",0.745724938927699,"m1",8,"NP_BL6","poolC2"
"42","PBANKA_102460",0.432863326618952,"m1",8,"NP_BL6","poolC2"
"43","PBANKA_010110",2.90832726181803,"m1",8,"NP_BL6","poolC2"
"44","PBANKA_120290",0.245146359233703,"m1",8,"NP_BL6","poolC2"
"45","PBANKA_071020",0.379719710281575,"m1",8,"NP_BL6","poolC2"
"46","PBANKA_093100",0.130287575536793,"m1",8,"NP_BL6","poolC2"
"47","PBANKA_083210",0.409720138859127,"m1",8,"NP_BL6","poolC2"
"48","PBANKA_011160",6.23066043800626,"m1",8,"NP_BL6","poolC2"
"49","PBANKA_010940",0.132859040843441,"m1",8,"NP_BL6","poolC2"
"50","PBANKA_141230",0.175716795954228,"m1",8,"NP_BL6","poolC2"
"51","PBANKA_093380",0.328290404148631,"m1",8,"NP_BL6","poolC2"
"52","PBANKA_061640",0.841726310375862,"m1",8,"NP_BL6","poolC2"
"53","PBANKA_135820",1.88745553507907,"m1",8,"NP_BL6","poolC2"
"54","PBANKA_140450",1.26773239617709,"m1",8,"NP_BL6","poolC2"
"55","PBANKA_070850",0.198002828611837,"m1",8,"NP_BL6","poolC2"
"56","PBANKA_120740",1.34401920027429,"m1",8,"NP_BL6","poolC2"
"57","PBANKA_050720",0.178288261260875,"m1",8,"NP_BL6","poolC2"
"58","PBANKA_091240",0.913727338961985,"m1",8,"NP_BL6","poolC2"
"59","PBANKA_100010",2.97689966999529,"m1",8,"NP_BL6","poolC2"
"60","PBANKA_145980",0.146573522478893,"m1",8,"NP_BL6","poolC2"
"61","PBANKA_110700",0.127716110230146,"m1",8,"NP_BL6","poolC2"
"62","PBANKA_121060",0.309432991899884,"m1",8,"NP_BL6","poolC2"
"63","PBANKA_133690",0.181716881669738,"m1",8,"NP_BL6","poolC2"
"64","PBANKA_120060",0.267432391891313,"m1",8,"NP_BL6","poolC2"
"65","PBANKA_050060",0.234860498007114,"m1",8,"NP_BL6","poolC2"
"66","PBANKA_080060",0.443149187845541,"m1",8,"NP_BL6","poolC2"
"67","PBANKA_083200",0.168002400034286,"m1",8,"NP_BL6","poolC2"
"68","PBANKA_112120",0.0240003428620409,"m1",8,"NP_BL6","poolC2"
"69","PBANKA_070210",0.438863412334462,"m1",8,"NP_BL6","poolC2"
"70","PBANKA_070270",3.31376162516607,"m1",8,"NP_BL6","poolC2"
"71","PBANKA_131070",2.96575665366648,"m1",8,"NP_BL6","poolC2"
"72","PBANKA_141470",3.05490078429692,"m1",8,"NP_BL6","poolC2"
"73","PBANKA_093150",1.03715767368105,"m1",8,"NP_BL6","poolC2"
"74","PBANKA_124430",0.472292461320876,"m1",8,"NP_BL6","poolC2"
"75","PBANKA_133730",0.174002485749796,"m1",8,"NP_BL6","poolC2"
"76","PBANKA_093260",5.19607422963185,"m1",8,"NP_BL6","poolC2"
"77","PBANKA_070690",0.211717310247289,"m1",8,"NP_BL6","poolC2"
"78","PBANKA_120710",0.306861526593237,"m1",8,"NP_BL6","poolC2"
"79","PBANKA_080550",2.0683152616466,"m1",8,"NP_BL6","poolC2"
"80","PBANKA_080610",0.0308575836797669,"m1",8,"NP_BL6","poolC2"
"81","PBANKA_041160",0.750010714438778,"m1",8,"NP_BL6","poolC2"
"82","PBANKA_140900",0.123430334719067,"m1",8,"NP_BL6","poolC2"
"83","PBANKA_081940",0.100287146959242,"m1",8,"NP_BL6","poolC2"
"84","PBANKA_132420",1.11773025328933,"m1",8,"NP_BL6","poolC2"
"85","PBANKA_132900",1.18544550636438,"m1",8,"NP_BL6","poolC2"
"86","PBANKA_143500",0.642009171559594,"m1",8,"NP_BL6","poolC2"
"87","PBANKA_102720",0.0857155102215746,"m1",8,"NP_BL6","poolC2"
"88","PBANKA_093750",6.31294732781897,"m1",8,"NP_BL6","poolC2"
"89","PBANKA_136410",3.45262075172502,"m1",8,"NP_BL6","poolC2"
"90","PBANKA_101910",0.882012600180003,"m1",8,"NP_BL6","poolC2"
"91","PBANKA_131270",0.424291775596794,"m1",8,"NP_BL6","poolC2"
"92","PBANKA_041350",0.612008742982043,"m1",8,"NP_BL6","poolC2"
"93","PBANKA_124020",0.0514293061329448,"m1",8,"NP_BL6","poolC2"
"94","PBANKA_101810",0.405332685263944,"m1",9,"NP_BL6","poolC2"
"95","PBANKA_082040",0.390577533980245,"m1",9,"NP_BL6","poolC2"
"96","PBANKA_142220",0.352387730657733,"m1",9,"NP_BL6","poolC2"
"97","PBANKA_101700",0.360199281337337,"m1",9,"NP_BL6","poolC2"
"98","PBANKA_131140",1.47725102852084,"m1",9,"NP_BL6","poolC2"
"99","PBANKA_031580",0.260385022653497,"m1",9,"NP_BL6","poolC2"
"100","PBANKA_051490",3.77992257885326,"m1",9,"NP_BL6","poolC2"
"101","PBANKA_123360",1.44774072595344,"m1",9,"NP_BL6","poolC2"
"102","PBANKA_082710",0.0824552571736074,"m1",9,"NP_BL6","poolC2"
"103","PBANKA_135260",1.8166195080459,"m1",9,"NP_BL6","poolC2"
"104","PBANKA_121260",0.505146943947784,"m1",9,"NP_BL6","poolC2"
"105","PBANKA_113980",1.31754821462669,"m1",9,"NP_BL6","poolC2"
"106","PBANKA_112810",0.0494731543041644,"m1",9,"NP_BL6","poolC2"
"107","PBANKA_103520",0.0399257034735362,"m1",9,"NP_BL6","poolC2"
"108","PBANKA_051300",0.68134080927665,"m1",9,"NP_BL6","poolC2"
"109","PBANKA_031480",2.99182391028868,"m1",9,"NP_BL6","poolC2"
"110","PBANKA_080690",0.139739962157377,"m1",9,"NP_BL6","poolC2"
"111","PBANKA_082320",1.90428246567257,"m1",9,"NP_BL6","poolC2"
"112","PBANKA_100640",2.55871682260836,"m1",9,"NP_BL6","poolC2"
"113","PBANKA_103780",0.00347180030204663,"m1",9,"NP_BL6","poolC2"
"114","PBANKA_145770",1.12052354748555,"m1",9,"NP_BL6","poolC2"
"115","PBANKA_140160",0.00347180030204663,"m1",9,"NP_BL6","poolC2"
"116","PBANKA_133580",1.59789608901696,"m1",9,"NP_BL6","poolC2"
"117","PBANKA_093290",1.99888902390335,"m1",9,"NP_BL6","poolC2"
"118","PBANKA_132910",0.627527904594928,"m1",9,"NP_BL6","poolC2"
"119","PBANKA_146060",3.95872029440867,"m1",9,"NP_BL6","poolC2"
"120","PBANKA_031590",3.64625826722447,"m1",9,"NP_BL6","poolC2"
"121","PBANKA_051760",0.263856822955544,"m1",9,"NP_BL6","poolC2"
"122","PBANKA_070700",1.29150971236135,"m1",9,"NP_BL6","poolC2"
"123","PBANKA_030240",0.164042564271703,"m1",9,"NP_BL6","poolC2"
"124","PBANKA_133090",0.996406686687382,"m1",9,"NP_BL6","poolC2"
"125","PBANKA_111060",0.0347180030204663,"m1",9,"NP_BL6","poolC2"
"126","PBANKA_143630",0.628395854670439,"m1",9,"NP_BL6","poolC2"
"127","PBANKA_052230",0.734285763882861,"m1",9,"NP_BL6","poolC2"
"128","PBANKA_143060",0.297706875900498,"m1",9,"NP_BL6","poolC2"
"129","PBANKA_131530",2.23236759421598,"m1",9,"NP_BL6","poolC2"
"130","PBANKA_134630",1.28022636137969,"m1",9,"NP_BL6","poolC2"
"131","PBANKA_103240",1.34271876681653,"m1",9,"NP_BL6","poolC2"
"132","PBANKA_062030",0.335028729147499,"m1",9,"NP_BL6","poolC2"
"133","PBANKA_093080",0.060756505285816,"m1",9,"NP_BL6","poolC2"
"134","PBANKA_143440",0.720398562674675,"m1",9,"NP_BL6","poolC2"
"135","PBANKA_102460",0.578054750290763,"m1",9,"NP_BL6","poolC2"
"136","PBANKA_010110",3.32424878920964,"m1",9,"NP_BL6","poolC2"
"137","PBANKA_120290",0.177061815404378,"m1",9,"NP_BL6","poolC2"
"138","PBANKA_071020",0.410540385717014,"m1",9,"NP_BL6","poolC2"
"139","PBANKA_093100",0.15189126321454,"m1",9,"NP_BL6","poolC2"
"140","PBANKA_083210",0.373218532470012,"m1",9,"NP_BL6","poolC2"
"141","PBANKA_011160",6.05047997639176,"m1",9,"NP_BL6","poolC2"
"142","PBANKA_010940",0.153627163365563,"m1",9,"NP_BL6","poolC2"
"143","PBANKA_141230",0.15709896366761,"m1",9,"NP_BL6","poolC2"
"144","PBANKA_093380",0.41401218601906,"m1",9,"NP_BL6","poolC2"
"145","PBANKA_061640",0.930442480948496,"m1",9,"NP_BL6","poolC2"
"146","PBANKA_135820",1.52498828267398,"m1",9,"NP_BL6","poolC2"
"147","PBANKA_140450",1.17086465186522,"m1",9,"NP_BL6","poolC2"
"148","PBANKA_070850",0.280347874390265,"m1",9,"NP_BL6","poolC2"
"149","PBANKA_120740",1.55797038554342,"m1",9,"NP_BL6","poolC2"
"150","PBANKA_050720",0.168382314649261,"m1",9,"NP_BL6","poolC2"
"151","PBANKA_091240",1.12052354748555,"m1",9,"NP_BL6","poolC2"
"152","PBANKA_100010",3.29647438679327,"m1",9,"NP_BL6","poolC2"
"153","PBANKA_145980",0.0737757564184908,"m1",9,"NP_BL6","poolC2"
"154","PBANKA_110700",0.0746437064940025,"m1",9,"NP_BL6","poolC2"
"155","PBANKA_121060",0.301178676202545,"m1",9,"NP_BL6","poolC2"
"156","PBANKA_133690",0.206572117971774,"m1",9,"NP_BL6","poolC2"
"157","PBANKA_120060",0.170986164875796,"m1",9,"NP_BL6","poolC2"
"158","PBANKA_050060",0.213515718575868,"m1",9,"NP_BL6","poolC2"
"159","PBANKA_080060",0.512958494627389,"m1",9,"NP_BL6","poolC2"
"160","PBANKA_083200",0.213515718575868,"m1",9,"NP_BL6","poolC2"
"161","PBANKA_112120",0.0130192511326748,"m1",9,"NP_BL6","poolC2"
"162","PBANKA_070210",0.427899387227247,"m1",9,"NP_BL6","poolC2"
"163","PBANKA_070270",3.28605898588713,"m1",9,"NP_BL6","poolC2"
"164","PBANKA_131070",2.93714305553145,"m1",9,"NP_BL6","poolC2"
"165","PBANKA_141470",2.55524502230632,"m1",9,"NP_BL6","poolC2"
"166","PBANKA_093150",1.12746714808964,"m1",9,"NP_BL6","poolC2"
"167","PBANKA_124430",0.647490756331696,"m1",9,"NP_BL6","poolC2"
"168","PBANKA_133730",0.173590015102331,"m1",9,"NP_BL6","poolC2"
"169","PBANKA_093260",4.62964570277918,"m1",9,"NP_BL6","poolC2"
"170","PBANKA_070690",0.249969621747357,"m1",9,"NP_BL6","poolC2"
"171","PBANKA_120710",0.295103025673963,"m1",9,"NP_BL6","poolC2"
"172","PBANKA_080550",1.72374884996615,"m1",9,"NP_BL6","poolC2"
"173","PBANKA_080610",0.0390577533980245,"m1",9,"NP_BL6","poolC2"
"174","PBANKA_041160",0.704775461315465,"m1",9,"NP_BL6","poolC2"
"175","PBANKA_140900",0.187477216310518,"m1",9,"NP_BL6","poolC2"
"176","PBANKA_081940",0.170118214800285,"m1",9,"NP_BL6","poolC2"
"177","PBANKA_132420",1.1838839029979,"m1",9,"NP_BL6","poolC2"
"178","PBANKA_132900",1.09274914506918,"m1",9,"NP_BL6","poolC2"
"179","PBANKA_143500",0.58152655059281,"m1",9,"NP_BL6","poolC2"
"180","PBANKA_102720",0.0807193570225841,"m1",9,"NP_BL6","poolC2"
"181","PBANKA_093750",5.8673425104588,"m1",9,"NP_BL6","poolC2"
"182","PBANKA_136410",2.86944294964154,"m1",9,"NP_BL6","poolC2"
"183","PBANKA_101910",0.74904091516656,"m1",9,"NP_BL6","poolC2"
"184","PBANKA_131270",0.384501883451664,"m1",9,"NP_BL6","poolC2"
"185","PBANKA_041350",0.439182738208898,"m1",9,"NP_BL6","poolC2"
"186","PBANKA_124020",0.0763796066450258,"m1",9,"NP_BL6","poolC2"
"187","PBANKA_101810",0.564824347384602,"m2",8,"NP_BL6","poolC2"
"188","PBANKA_082040",0.395588587868617,"m2",8,"NP_BL6","poolC2"
"189","PBANKA_142220",0.425909994781897,"m2",8,"NP_BL6","poolC2"
"190","PBANKA_101700",0.270072066227594,"m2",8,"NP_BL6","poolC2"
"191","PBANKA_131140",1.48786438574471,"m2",8,"NP_BL6","poolC2"
"192","PBANKA_031580",0.276418407209443,"m2",8,"NP_BL6","poolC2"
"193","PBANKA_051490",3.23028755976138,"m2",8,"NP_BL6","poolC2"
"194","PBANKA_123360",1.19099665759375,"m2",8,"NP_BL6","poolC2"
"195","PBANKA_082710",0.199557166429266,"m2",8,"NP_BL6","poolC2"
"196","PBANKA_135260",1.7494746639965,"m2",8,"NP_BL6","poolC2"
"197","PBANKA_121260",0.617710522233348,"m2",8,"NP_BL6","poolC2"
"198","PBANKA_113980",1.58446979846842,"m2",8,"NP_BL6","poolC2"
"199","PBANKA_112810",0.0275008109213477,"m2",8,"NP_BL6","poolC2"
"200","PBANKA_103520",0.0310265559112641,"m2",8,"NP_BL6","poolC2"
"201","PBANKA_051300",0.554247112414853,"m2",8,"NP_BL6","poolC2"
"202","PBANKA_031480",2.54840847871155,"m2",8,"NP_BL6","poolC2"
"203","PBANKA_080690",0.12058047865514,"m2",8,"NP_BL6","poolC2"
"204","PBANKA_082320",1.93140310547619,"m2",8,"NP_BL6","poolC2"
"205","PBANKA_100640",2.79239003201376,"m2",8,"NP_BL6","poolC2"
"206","PBANKA_103780",0.0028205959919331,"m2",8,"NP_BL6","poolC2"
"207","PBANKA_145770",0.973105617216918,"m2",8,"NP_BL6","poolC2"
"208","PBANKA_140160",0.0028205959919331,"m2",8,"NP_BL6","poolC2"
"209","PBANKA_133580",1.31651317923477,"m2",8,"NP_BL6","poolC2"
"210","PBANKA_093290",2.11897273893974,"m2",8,"NP_BL6","poolC2"
"211","PBANKA_132910",0.597261201291833,"m2",8,"NP_BL6","poolC2"
"212","PBANKA_146060",3.54055311887402,"m2",8,"NP_BL6","poolC2"
"213","PBANKA_031590",3.51375745695065,"m2",8,"NP_BL6","poolC2"
"214","PBANKA_051760",0.27359781121751,"m2",8,"NP_BL6","poolC2"
"215","PBANKA_070700",1.36305301310167,"m2",8,"NP_BL6","poolC2"
"216","PBANKA_030240",0.138914352602705,"m2",8,"NP_BL6","poolC2"
"217","PBANKA_133090",1.05490290098298,"m2",8,"NP_BL6","poolC2"
"218","PBANKA_111060",0.0176287249495818,"m2",8,"NP_BL6","poolC2"
"219","PBANKA_143630",0.667070952092177,"m2",8,"NP_BL6","poolC2"
"220","PBANKA_052230",0.760150619825969,"m2",8,"NP_BL6","poolC2"
"221","PBANKA_143060",0.199557166429266,"m2",8,"NP_BL6","poolC2"
"222","PBANKA_131530",2.30936296839522,"m2",8,"NP_BL6","poolC2"
"223","PBANKA_134630",1.20298419055947,"m2",8,"NP_BL6","poolC2"
"224","PBANKA_103240",1.41029799596655,"m2",8,"NP_BL6","poolC2"
"225","PBANKA_062030",0.247507298292129,"m2",8,"NP_BL6","poolC2"
"226","PBANKA_093080",0.0571170688366452,"m2",8,"NP_BL6","poolC2"
"227","PBANKA_143440",0.660724611110328,"m2",8,"NP_BL6","poolC2"
"228","PBANKA_102460",0.535208089469305,"m2",8,"NP_BL6","poolC2"
"229","PBANKA_010110",3.3473422934266,"m2",8,"NP_BL6","poolC2"
"230","PBANKA_120290",0.153722481560354,"m2",8,"NP_BL6","poolC2"
"231","PBANKA_071020",0.35327964798962,"m2",8,"NP_BL6","poolC2"
"232","PBANKA_093100",0.147376140578504,"m2",8,"NP_BL6","poolC2"
"233","PBANKA_083210",0.389242246886767,"m2",8,"NP_BL6","poolC2"
"234","PBANKA_011160",5.9740223109143,"m2",8,"NP_BL6","poolC2"
"235","PBANKA_010940",0.153722481560354,"m2",8,"NP_BL6","poolC2"
"236","PBANKA_141230",0.167825461520019,"m2",8,"NP_BL6","poolC2"
"237","PBANKA_093380",0.331420029052139,"m2",8,"NP_BL6","poolC2"
"238","PBANKA_061640",1.10708392683374,"m2",8,"NP_BL6","poolC2"
"239","PBANKA_135820",1.45965842582538,"m2",8,"NP_BL6","poolC2"
"240","PBANKA_140450",1.2058047865514,"m2",8,"NP_BL6","poolC2"
"241","PBANKA_070850",0.318022198090457,"m2",8,"NP_BL6","poolC2"
"242","PBANKA_120740",1.47305625678706,"m2",8,"NP_BL6","poolC2"
"243","PBANKA_050720",0.1981468684333,"m2",8,"NP_BL6","poolC2"
"244","PBANKA_091240",1.16208554867644,"m2",8,"NP_BL6","poolC2"
"245","PBANKA_100010",2.90239327569916,"m2",8,"NP_BL6","poolC2"
"246","PBANKA_145980",0.0493604298588292,"m2",8,"NP_BL6","poolC2"
"247","PBANKA_110700",0.0916693697378256,"m2",8,"NP_BL6","poolC2"
"248","PBANKA_121060",0.266546321237678,"m2",8,"NP_BL6","poolC2"
"249","PBANKA_133690",0.170646057511952,"m2",8,"NP_BL6","poolC2"
"250","PBANKA_120060",0.165004865528086,"m2",8,"NP_BL6","poolC2"
"251","PBANKA_050060",0.23269916933448,"m2",8,"NP_BL6","poolC2"
"252","PBANKA_080060",0.511938172535857,"m2",8,"NP_BL6","poolC2"
"253","PBANKA_083200",0.228468275346581,"m2",8,"NP_BL6","poolC2"
"254","PBANKA_112120",0.0112823839677324,"m2",8,"NP_BL6","poolC2"
"255","PBANKA_070210",0.462577742677028,"m2",8,"NP_BL6","poolC2"
"256","PBANKA_070270",3.31208484352744,"m2",8,"NP_BL6","poolC2"
"257","PBANKA_131070",2.73315751618317,"m2",8,"NP_BL6","poolC2"
"258","PBANKA_141470",2.98348541046723,"m2",8,"NP_BL6","poolC2"
"259","PBANKA_093150",1.03868447402936,"m2",8,"NP_BL6","poolC2"
"260","PBANKA_124430",0.63533924718293,"m2",8,"NP_BL6","poolC2"
"261","PBANKA_133730",0.270777215225577,"m2",8,"NP_BL6","poolC2"
"262","PBANKA_093260",4.92758119790712,"m2",8,"NP_BL6","poolC2"
"263","PBANKA_070690",0.308150112118691,"m2",8,"NP_BL6","poolC2"
"264","PBANKA_120710",0.289111089173142,"m2",8,"NP_BL6","poolC2"
"265","PBANKA_080550",1.98499442932292,"m2",8,"NP_BL6","poolC2"
"266","PBANKA_080610",0.035962598897147,"m2",8,"NP_BL6","poolC2"
"267","PBANKA_041160",0.715726232953023,"m2",8,"NP_BL6","poolC2"
"268","PBANKA_140900",0.220006487370781,"m2",8,"NP_BL6","poolC2"
"269","PBANKA_081940",0.129747415628922,"m2",8,"NP_BL6","poolC2"
"270","PBANKA_132420",1.18253486961795,"m2",8,"NP_BL6","poolC2"
"271","PBANKA_132900",1.27279394135981,"m2",8,"NP_BL6","poolC2"
"272","PBANKA_143500",0.650147376140578,"m2",8,"NP_BL6","poolC2"
"273","PBANKA_102720",0.134683458614805,"m2",8,"NP_BL6","poolC2"
"274","PBANKA_093750",6.38864992172846,"m2",8,"NP_BL6","poolC2"
"275","PBANKA_136410",3.05964150224943,"m2",8,"NP_BL6","poolC2"
"276","PBANKA_101910",0.82502432764043,"m2",8,"NP_BL6","poolC2"
"277","PBANKA_131270",0.327894284062222,"m2",8,"NP_BL6","poolC2"
"278","PBANKA_041350",0.502066086564091,"m2",8,"NP_BL6","poolC2"
"279","PBANKA_124020",0.074745793786227,"m2",8,"NP_BL6","poolC2"
"280","PBANKA_101810",0.315279504793743,"m2",9,"NP_BL6","poolC2"
"281","PBANKA_082040",0.479714074104273,"m2",9,"NP_BL6","poolC2"
"282","PBANKA_142220",0.373714930251204,"m2",9,"NP_BL6","poolC2"
"283","PBANKA_101700",0.385266119004423,"m2",9,"NP_BL6","poolC2"
"284","PBANKA_131140",1.36236079118848,"m2",9,"NP_BL6","poolC2"
"285","PBANKA_031580",0.179383166520578,"m2",9,"NP_BL6","poolC2"
"286","PBANKA_051490",4.19715840756671,"m2",9,"NP_BL6","poolC2"
"287","PBANKA_123360",1.80470337226763,"m2",9,"NP_BL6","poolC2"
"288","PBANKA_082710",0.0475637183956078,"m2",9,"NP_BL6","poolC2"
"289","PBANKA_135260",1.79451114689715,"m2",9,"NP_BL6","poolC2"
"290","PBANKA_121260",0.424676057103641,"m2",9,"NP_BL6","poolC2"
"291","PBANKA_113980",1.27538713469366,"m2",9,"NP_BL6","poolC2"
"292","PBANKA_112810",0.0645507606797535,"m2",9,"NP_BL6","poolC2"
"293","PBANKA_103520",0.0210639324323406,"m2",9,"NP_BL6","poolC2"
"294","PBANKA_051300",0.681520136439924,"m2",9,"NP_BL6","poolC2"
"295","PBANKA_031480",3.0481548674671,"m2",9,"NP_BL6","poolC2"
"296","PBANKA_080690",0.0686276508279484,"m2",9,"NP_BL6","poolC2"
"297","PBANKA_082320",1.72520401437783,"m2",9,"NP_BL6","poolC2"
"298","PBANKA_100640",2.16618763207425,"m2",9,"NP_BL6","poolC2"
"299","PBANKA_103780",0.00679481691365826,"m2",9,"NP_BL6","poolC2"
"300","PBANKA_145770",1.30324588403965,"m2",9,"NP_BL6","poolC2"
"301","PBANKA_140160",0.00679481691365826,"m2",9,"NP_BL6","poolC2"
"302","PBANKA_133580",1.78771632998349,"m2",9,"NP_BL6","poolC2"
"303","PBANKA_093290",2.01330425151694,"m2",9,"NP_BL6","poolC2"
"304","PBANKA_132910",0.769173274626115,"m2",9,"NP_BL6","poolC2"
"305","PBANKA_146060",4.09863356231866,"m2",9,"NP_BL6","poolC2"
"306","PBANKA_031590",3.63522704880717,"m2",9,"NP_BL6","poolC2"
"307","PBANKA_051760",0.28334386529955,"m2",9,"NP_BL6","poolC2"
"308","PBANKA_070700",1.212874819088,"m2",9,"NP_BL6","poolC2"
"309","PBANKA_030240",0.27519008500316,"m2",9,"NP_BL6","poolC2"
"310","PBANKA_133090",0.996120159542301,"m2",9,"NP_BL6","poolC2"
"311","PBANKA_111060",0.0122306704445849,"m2",9,"NP_BL6","poolC2"
"312","PBANKA_143630",0.697148215341338,"m2",9,"NP_BL6","poolC2"
"313","PBANKA_052230",0.855467449429575,"m2",9,"NP_BL6","poolC2"
"314","PBANKA_143060",0.254805634262185,"m2",9,"NP_BL6","poolC2"
"315","PBANKA_131530",1.75510120879793,"m2",9,"NP_BL6","poolC2"
"316","PBANKA_134630",1.17482384437151,"m2",9,"NP_BL6","poolC2"
"317","PBANKA_103240",1.51796209851126,"m2",9,"NP_BL6","poolC2"
"318","PBANKA_062030",0.298971944200964,"m2",9,"NP_BL6","poolC2"
"319","PBANKA_093080",0.0543585353092661,"m2",9,"NP_BL6","poolC2"
"320","PBANKA_143440",0.809942176108065,"m2",9,"NP_BL6","poolC2"
"321","PBANKA_102460",0.445060507844616,"m2",9,"NP_BL6","poolC2"
"322","PBANKA_010110",3.42798513294059,"m2",9,"NP_BL6","poolC2"
"323","PBANKA_120290",0.15628078901414,"m2",9,"NP_BL6","poolC2"
"324","PBANKA_071020",0.402253161288569,"m2",9,"NP_BL6","poolC2"
"325","PBANKA_093100",0.150844935483213,"m2",9,"NP_BL6","poolC2"
"326","PBANKA_083210",0.351292034436132,"m2",9,"NP_BL6","poolC2"
"327","PBANKA_011160",6.64736938663188,"m2",9,"NP_BL6","poolC2"
"328","PBANKA_010940",0.142691155186823,"m2",9,"NP_BL6","poolC2"
"329","PBANKA_141230",0.166473014384627,"m2",9,"NP_BL6","poolC2"
"330","PBANKA_093380",0.397496789449008,"m2",9,"NP_BL6","poolC2"
"331","PBANKA_061640",0.706660959020459,"m2",9,"NP_BL6","poolC2"
"332","PBANKA_135820",1.54514136616589,"m2",9,"NP_BL6","poolC2"
"333","PBANKA_140450",1.13201649781547,"m2",9,"NP_BL6","poolC2"
"334","PBANKA_070850",0.212677769397504,"m2",9,"NP_BL6","poolC2"
"335","PBANKA_120740",1.55941048168457,"m2",9,"NP_BL6","poolC2"
"336","PBANKA_050720",0.167831977767359,"m2",9,"NP_BL6","poolC2"
"337","PBANKA_091240",1.04844024977747,"m2",9,"NP_BL6","poolC2"
"338","PBANKA_100010",3.31587065386523,"m2",9,"NP_BL6","poolC2"
"339","PBANKA_145980",0.152203898865945,"m2",9,"NP_BL6","poolC2"
"340","PBANKA_110700",0.0869736564948257,"m2",9,"NP_BL6","poolC2"
"341","PBANKA_121060",0.342458772448376,"m2",9,"NP_BL6","poolC2"
"342","PBANKA_133690",0.231703256755747,"m2",9,"NP_BL6","poolC2"
"343","PBANKA_120060",0.25072874411399,"m2",9,"NP_BL6","poolC2"
"344","PBANKA_050060",0.235100665212576,"m2",9,"NP_BL6","poolC2"
"345","PBANKA_080060",0.457970659980567,"m2",9,"NP_BL6","poolC2"
"346","PBANKA_083200",0.167152496075993,"m2",9,"NP_BL6","poolC2"
"347","PBANKA_112120",0.0305766761114622,"m2",9,"NP_BL6","poolC2"
"348","PBANKA_070210",0.436906727548226,"m2",9,"NP_BL6","poolC2"
"349","PBANKA_070270",2.96593758281183,"m2",9,"NP_BL6","poolC2"
"350","PBANKA_131070",3.35799851872991,"m2",9,"NP_BL6","poolC2"
"351","PBANKA_141470",2.77296478246394,"m2",9,"NP_BL6","poolC2"
"352","PBANKA_093150",1.13609338796366,"m2",9,"NP_BL6","poolC2"
"353","PBANKA_124430",0.491265262857492,"m2",9,"NP_BL6","poolC2"
"354","PBANKA_133730",0.0964864001739473,"m2",9,"NP_BL6","poolC2"
"355","PBANKA_093260",4.60552690407757,"m2",9,"NP_BL6","poolC2"
"356","PBANKA_070690",0.206562434175211,"m2",9,"NP_BL6","poolC2"
"357","PBANKA_120710",0.321394840016036,"m2",9,"NP_BL6","poolC2"
"358","PBANKA_080550",1.60901264515428,"m2",9,"NP_BL6","poolC2"
"359","PBANKA_080610",0.0387304564078521,"m2",9,"NP_BL6","poolC2"
"360","PBANKA_041160",0.604738705315585,"m2",9,"NP_BL6","poolC2"
"361","PBANKA_140900",0.147447527026384,"m2",9,"NP_BL6","poolC2"
"362","PBANKA_081940",0.0794993578898017,"m2",9,"NP_BL6","poolC2"
"363","PBANKA_132420",0.911864429812939,"m2",9,"NP_BL6","poolC2"
"364","PBANKA_132900",1.08037588927166,"m2",9,"NP_BL6","poolC2"
"365","PBANKA_143500",0.570764620747294,"m2",9,"NP_BL6","poolC2"
"366","PBANKA_102720",0.0747429860502409,"m2",9,"NP_BL6","poolC2"
"367","PBANKA_093750",5.47662243240856,"m2",9,"NP_BL6","poolC2"
"368","PBANKA_136410",2.82392590931637,"m2",9,"NP_BL6","poolC2"
"369","PBANKA_101910",0.981851044023619,"m2",9,"NP_BL6","poolC2"
"370","PBANKA_131270",0.456611696597835,"m2",9,"NP_BL6","poolC2"
"371","PBANKA_041350",0.523880384043052,"m2",9,"NP_BL6","poolC2"
"372","PBANKA_124020",0.0638712789883877,"m2",9,"NP_BL6","poolC2"
"373","PBANKA_101810",0.382313373417895,"m3",8,"NP_BL6","poolC2"
"374","PBANKA_082040",0.415945968206902,"m3",8,"NP_BL6","poolC2"
"375","PBANKA_142220",0.315048183839881,"m3",8,"NP_BL6","poolC2"
"376","PBANKA_101700",0.33289405046262,"m3",8,"NP_BL6","poolC2"
"377","PBANKA_131140",1.25195618153365,"m3",8,"NP_BL6","poolC2"
"378","PBANKA_031580",0.265628860884606,"m3",8,"NP_BL6","poolC2"
"379","PBANKA_051490",3.62133816544491,"m3",8,"NP_BL6","poolC2"
"380","PBANKA_123360",1.47777503225984,"m3",8,"NP_BL6","poolC2"
"381","PBANKA_082710",0.0521648408972353,"m3",8,"NP_BL6","poolC2"
"382","PBANKA_135260",1.78664580073031,"m3",8,"NP_BL6","poolC2"
"383","PBANKA_121260",0.528512203827252,"m3",8,"NP_BL6","poolC2"
"384","PBANKA_113980",1.4935617604261,"m3",8,"NP_BL6","poolC2"
"385","PBANKA_112810",0.0356917332454768,"m3",8,"NP_BL6","poolC2"
"386","PBANKA_103520",0.0370644922164566,"m3",8,"NP_BL6","poolC2"
"387","PBANKA_051300",0.586854460093897,"m3",8,"NP_BL6","poolC2"
"388","PBANKA_031480",2.45723855805398,"m3",8,"NP_BL6","poolC2"
"389","PBANKA_080690",0.0919748510556516,"m3",8,"NP_BL6","poolC2"
"390","PBANKA_082320",1.83126046728715,"m3",8,"NP_BL6","poolC2"
"391","PBANKA_100640",2.41880130686654,"m3",8,"NP_BL6","poolC2"
"392","PBANKA_103780",0.00137275897097988,"m3",8,"NP_BL6","poolC2"
"393","PBANKA_145770",1.12840787414546,"m3",8,"NP_BL6","poolC2"
"394","PBANKA_140160",0.00274551794195975,"m3",8,"NP_BL6","poolC2"
"395","PBANKA_133580",1.45855640666612,"m3",8,"NP_BL6","poolC2"
"396","PBANKA_093290",2.00697361557258,"m3",8,"NP_BL6","poolC2"
"397","PBANKA_132910",0.580677044724487,"m3",8,"NP_BL6","poolC2"
"398","PBANKA_146060",3.46347088378223,"m3",8,"NP_BL6","poolC2"
"399","PBANKA_031590",3.70644922164566,"m3",8,"NP_BL6","poolC2"
"400","PBANKA_051760",0.257392307058727,"m3",8,"NP_BL6","poolC2"
"401","PBANKA_070700",1.21763720725915,"m3",8,"NP_BL6","poolC2"
"402","PBANKA_030240",0.22375971226972,"m3",8,"NP_BL6","poolC2"
"403","PBANKA_133090",0.962990418142383,"m3",8,"NP_BL6","poolC2"
"404","PBANKA_111060",0.0274551794195975,"m3",8,"NP_BL6","poolC2"
"405","PBANKA_143630",0.747467259698542,"m3",8,"NP_BL6","poolC2"
"406","PBANKA_052230",0.797572962139308,"m3",8,"NP_BL6","poolC2"
"407","PBANKA_143060",0.205913845646981,"m3",8,"NP_BL6","poolC2"
"408","PBANKA_131530",2.03580155396316,"m3",8,"NP_BL6","poolC2"
"409","PBANKA_134630",1.2752930840403,"m3",8,"NP_BL6","poolC2"
"410","PBANKA_103240",1.28147049940971,"m3",8,"NP_BL6","poolC2"
"411","PBANKA_062030",0.256705927573237,"m3",8,"NP_BL6","poolC2"
"412","PBANKA_093080",0.0425555281003761,"m3",8,"NP_BL6","poolC2"
"413","PBANKA_143440",0.827773659500865,"m3",8,"NP_BL6","poolC2"
"414","PBANKA_102460",0.446146665568459,"m3",8,"NP_BL6","poolC2"
"415","PBANKA_010110",3.08939406419021,"m3",8,"NP_BL6","poolC2"
"416","PBANKA_120290",0.213464019987371,"m3",8,"NP_BL6","poolC2"
"417","PBANKA_071020",0.409768552837493,"m3",8,"NP_BL6","poolC2"
"418","PBANKA_093100",0.1091343381929,"m3",8,"NP_BL6","poolC2"
"419","PBANKA_083210",0.402904757982593,"m3",8,"NP_BL6","poolC2"
"420","PBANKA_011160",6.46775389177168,"m3",8,"NP_BL6","poolC2"
"421","PBANKA_010940",0.0926612305411416,"m3",8,"NP_BL6","poolC2"
"422","PBANKA_141230",0.149630727836806,"m3",8,"NP_BL6","poolC2"
"423","PBANKA_093380",0.338385086346539,"m3",8,"NP_BL6","poolC2"
"424","PBANKA_061640",0.923866787469456,"m3",8,"NP_BL6","poolC2"
"425","PBANKA_135820",1.47846141174533,"m3",8,"NP_BL6","poolC2"
"426","PBANKA_140450",1.24440600719326,"m3",8,"NP_BL6","poolC2"
"427","PBANKA_070850",0.292397660818713,"m3",8,"NP_BL6","poolC2"
"428","PBANKA_120740",1.28970705323559,"m3",8,"NP_BL6","poolC2"
"429","PBANKA_050720",0.182576943140323,"m3",8,"NP_BL6","poolC2"
"430","PBANKA_091240",1.00829146418472,"m3",8,"NP_BL6","poolC2"
"431","PBANKA_100010",3.04683853608983,"m3",8,"NP_BL6","poolC2"
"432","PBANKA_145980",0.0940339895121215,"m3",8,"NP_BL6","poolC2"
"433","PBANKA_110700",0.0926612305411416,"m3",8,"NP_BL6","poolC2"
"434","PBANKA_121060",0.345935260686929,"m3",8,"NP_BL6","poolC2"
"435","PBANKA_133690",0.191499876451693,"m3",8,"NP_BL6","poolC2"
"436","PBANKA_120060",0.2251324712407,"m3",8,"NP_BL6","poolC2"
"437","PBANKA_050060",0.180517804683854,"m3",8,"NP_BL6","poolC2"
"438","PBANKA_080060",0.407023034895533,"m3",8,"NP_BL6","poolC2"
"439","PBANKA_083200",0.226505230211679,"m3",8,"NP_BL6","poolC2"
"440","PBANKA_112120",0.0178458666227384,"m3",8,"NP_BL6","poolC2"
"441","PBANKA_070210",0.463992532191198,"m3",8,"NP_BL6","poolC2"
"442","PBANKA_070270",3.21019685363644,"m3",8,"NP_BL6","poolC2"
"443","PBANKA_131070",2.84161106992834,"m3",8,"NP_BL6","poolC2"
"444","PBANKA_141470",3.03654284380748,"m3",8,"NP_BL6","poolC2"
"445","PBANKA_093150",1.16547236636191,"m3",8,"NP_BL6","poolC2"
"446","PBANKA_124430",0.496938747494715,"m3",8,"NP_BL6","poolC2"
"447","PBANKA_133730",0.183263322625813,"m3",8,"NP_BL6","poolC2"
"448","PBANKA_093260",5.32699118688741,"m3",8,"NP_BL6","poolC2"
"449","PBANKA_070690",0.367213024737117,"m3",8,"NP_BL6","poolC2"
"450","PBANKA_120710",0.43928287071356,"m3",8,"NP_BL6","poolC2"
"451","PBANKA_080550",2.2575021277764,"m3",8,"NP_BL6","poolC2"
"452","PBANKA_080610",0.0411827691293963,"m3",8,"NP_BL6","poolC2"
"453","PBANKA_041160",0.699420695714247,"m3",8,"NP_BL6","poolC2"
"454","PBANKA_140900",0.139335035554457,"m3",8,"NP_BL6","poolC2"
"455","PBANKA_081940",0.141394174010927,"m3",8,"NP_BL6","poolC2"
"456","PBANKA_132420",0.962304038656893,"m3",8,"NP_BL6","poolC2"
"457","PBANKA_132900",1.27323394558383,"m3",8,"NP_BL6","poolC2"
"458","PBANKA_143500",0.66304258298328,"m3",8,"NP_BL6","poolC2"
"459","PBANKA_102720",0.0507920819262554,"m3",8,"NP_BL6","poolC2"
"460","PBANKA_093750",6.3984295637372,"m3",8,"NP_BL6","poolC2"
"461","PBANKA_136410",3.19646926392664,"m3",8,"NP_BL6","poolC2"
"462","PBANKA_101910",0.851110562007523,"m3",8,"NP_BL6","poolC2"
"463","PBANKA_131270",0.380940614446915,"m3",8,"NP_BL6","poolC2"
"464","PBANKA_041350",0.494879609038245,"m3",8,"NP_BL6","poolC2"
"465","PBANKA_124020",0.0604013947231145,"m3",8,"NP_BL6","poolC2"
"466","PBANKA_101810",0.365147691850972,"m3",9,"NP_BL6","poolC2"
"467","PBANKA_082040",0.397803176488051,"m3",9,"NP_BL6","poolC2"
"468","PBANKA_142220",0.286972440750087,"m3",9,"NP_BL6","poolC2"
"469","PBANKA_101700",0.467072386324279,"m3",9,"NP_BL6","poolC2"
"470","PBANKA_131140",1.49027757161941,"m3",9,"NP_BL6","poolC2"
"471","PBANKA_031580",0.271139478501806,"m3",9,"NP_BL6","poolC2"
"472","PBANKA_051490",3.03893919152937,"m3",9,"NP_BL6","poolC2"
"473","PBANKA_123360",1.70501212211172,"m3",9,"NP_BL6","poolC2"
"474","PBANKA_082710",0.0316659244965613,"m3",9,"NP_BL6","poolC2"
"475","PBANKA_135260",1.76933353124536,"m3",9,"NP_BL6","poolC2"
"476","PBANKA_121260",0.516550393350156,"m3",9,"NP_BL6","poolC2"
"477","PBANKA_113980",1.21616941269606,"m3",9,"NP_BL6","poolC2"
"478","PBANKA_112810",0.036613725199149,"m3",9,"NP_BL6","poolC2"
"479","PBANKA_103520",0.0286972440750087,"m3",9,"NP_BL6","poolC2"
"480","PBANKA_051300",0.449260303794963,"m3",9,"NP_BL6","poolC2"
"481","PBANKA_031480",2.76878927316808,"m3",9,"NP_BL6","poolC2"
"482","PBANKA_080690",0.075206570679333,"m3",9,"NP_BL6","poolC2"
"483","PBANKA_082320",1.53381821780219,"m3",9,"NP_BL6","poolC2"
"484","PBANKA_100640",1.97417248033249,"m3",9,"NP_BL6","poolC2"
"485","PBANKA_103780",0.0098956014051754,"m3",9,"NP_BL6","poolC2"
"486","PBANKA_145770",1.39824847855128,"m3",9,"NP_BL6","poolC2"
"487","PBANKA_140160",0.00395824056207016,"m3",9,"NP_BL6","poolC2"
"488","PBANKA_133580",1.4160605610806,"m3",9,"NP_BL6","poolC2"
"489","PBANKA_093290",2.10479441888081,"m3",9,"NP_BL6","poolC2"
"490","PBANKA_132910",0.765919548760576,"m3",9,"NP_BL6","poolC2"
"491","PBANKA_146060",4.04730097471674,"m3",9,"NP_BL6","poolC2"
"492","PBANKA_031590",3.780119736777,"m3",9,"NP_BL6","poolC2"
"493","PBANKA_051760",0.345356489040621,"m3",9,"NP_BL6","poolC2"
"494","PBANKA_070700",1.4219979219237,"m3",9,"NP_BL6","poolC2"
"495","PBANKA_030240",0.351293849883727,"m3",9,"NP_BL6","poolC2"
"496","PBANKA_133090",0.709514620751076,"m3",9,"NP_BL6","poolC2"
"497","PBANKA_111060",0.0277076839344911,"m3",9,"NP_BL6","poolC2"
"498","PBANKA_143630",0.825293157191628,"m3",9,"NP_BL6","poolC2"
"499","PBANKA_052230",0.824303597051111,"m3",9,"NP_BL6","poolC2"
"500","PBANKA_143060",0.211765870070754,"m3",9,"NP_BL6","poolC2"
"501","PBANKA_131530",2.07708673494632,"m3",9,"NP_BL6","poolC2"
"502","PBANKA_134630",1.37449903517886,"m3",9,"NP_BL6","poolC2"
"503","PBANKA_103240",1.45762208698234,"m3",9,"NP_BL6","poolC2"
"504","PBANKA_062030",0.355252090445797,"m3",9,"NP_BL6","poolC2"
"505","PBANKA_093080",0.0465093266043244,"m3",9,"NP_BL6","poolC2"
"506","PBANKA_143440",0.751076146652813,"m3",9,"NP_BL6","poolC2"
"507","PBANKA_102460",0.344366928900104,"m3",9,"NP_BL6","poolC2"
"508","PBANKA_010110",3.31601603087428,"m3",9,"NP_BL6","poolC2"
"509","PBANKA_120290",0.175152144871605,"m3",9,"NP_BL6","poolC2"
"510","PBANKA_071020",0.451239424075998,"m3",9,"NP_BL6","poolC2"
"511","PBANKA_093100",0.190985107119885,"m3",9,"NP_BL6","poolC2"
"512","PBANKA_083210",0.353272970164762,"m3",9,"NP_BL6","poolC2"
"513","PBANKA_011160",6.94968086685468,"m3",9,"NP_BL6","poolC2"
"514","PBANKA_010940",0.0940082133491663,"m3",9,"NP_BL6","poolC2"
"515","PBANKA_141230",0.148434021077631,"m3",9,"NP_BL6","poolC2"
"516","PBANKA_093380",0.461135025481174,"m3",9,"NP_BL6","poolC2"
"517","PBANKA_061640",0.843105239720944,"m3",9,"NP_BL6","poolC2"
"518","PBANKA_135820",1.36658255405472,"m3",9,"NP_BL6","poolC2"
"519","PBANKA_140450",1.22507545396071,"m3",9,"NP_BL6","poolC2"
"520","PBANKA_070850",0.229577952600069,"m3",9,"NP_BL6","poolC2"
"521","PBANKA_120740",1.42892484290733,"m3",9,"NP_BL6","poolC2"
"522","PBANKA_050720",0.271139478501806,"m3",9,"NP_BL6","poolC2"
"523","PBANKA_091240",1.35569739250903,"m3",9,"NP_BL6","poolC2"
"524","PBANKA_100010",3.25169462174064,"m3",9,"NP_BL6","poolC2"
"525","PBANKA_145980",0.139527979812973,"m3",9,"NP_BL6","poolC2"
"526","PBANKA_110700",0.0920290930681312,"m3",9,"NP_BL6","poolC2"
"527","PBANKA_121060",0.31764880510613,"m3",9,"NP_BL6","poolC2"
"528","PBANKA_133690",0.18108950571471,"m3",9,"NP_BL6","poolC2"
"529","PBANKA_120060",0.233536193162139,"m3",9,"NP_BL6","poolC2"
"530","PBANKA_050060",0.227598832319034,"m3",9,"NP_BL6","poolC2"
"531","PBANKA_080060",0.338429568056999,"m3",9,"NP_BL6","poolC2"
"532","PBANKA_083200",0.244421354707832,"m3",9,"NP_BL6","poolC2"
"533","PBANKA_112120",0.025728563653456,"m3",9,"NP_BL6","poolC2"
"534","PBANKA_070210",0.417594379298402,"m3",9,"NP_BL6","poolC2"
"535","PBANKA_070270",3.05081391321558,"m3",9,"NP_BL6","poolC2"
"536","PBANKA_131070",3.22002869724407,"m3",9,"NP_BL6","poolC2"
"537","PBANKA_141470",2.93701449705606,"m3",9,"NP_BL6","poolC2"
"538","PBANKA_093150",1.08752659442878,"m3",9,"NP_BL6","poolC2"
"539","PBANKA_124430",0.553164118549305,"m3",9,"NP_BL6","poolC2"
"540","PBANKA_133730",0.139527979812973,"m3",9,"NP_BL6","poolC2"
"541","PBANKA_093260",4.96858146553857,"m3",9,"NP_BL6","poolC2"
"542","PBANKA_070690",0.329523526792341,"m3",9,"NP_BL6","poolC2"
"543","PBANKA_120710",0.405719657612191,"m3",9,"NP_BL6","poolC2"
"544","PBANKA_080550",1.40814407995646,"m3",9,"NP_BL6","poolC2"
"545","PBANKA_080610",0.0672900895551927,"m3",9,"NP_BL6","poolC2"
"546","PBANKA_041160",0.702587699767453,"m3",9,"NP_BL6","poolC2"
"547","PBANKA_140900",0.136559299391421,"m3",9,"NP_BL6","poolC2"
"548","PBANKA_081940",0.19296422740092,"m3",9,"NP_BL6","poolC2"
"549","PBANKA_132420",0.67191133541141,"m3",9,"NP_BL6","poolC2"
"550","PBANKA_132900",1.18846172876157,"m3",9,"NP_BL6","poolC2"
"551","PBANKA_143500",0.608579486418287,"m3",9,"NP_BL6","poolC2"
"552","PBANKA_102720",0.0692692098362278,"m3",9,"NP_BL6","poolC2"
"553","PBANKA_093750",5.91658008015437,"m3",9,"NP_BL6","poolC2"
"554","PBANKA_136410",3.10227104052249,"m3",9,"NP_BL6","poolC2"
"555","PBANKA_101910",0.766909108901093,"m3",9,"NP_BL6","poolC2"
"556","PBANKA_131270",0.449260303794963,"m3",9,"NP_BL6","poolC2"
"557","PBANKA_041350",0.540299836722577,"m3",9,"NP_BL6","poolC2"
"558","PBANKA_124020",0.0851021720845084,"m3",9,"NP_BL6","poolC2"
